date_GMT,attendance,home_team_name,away_team_name,referee,Game Week,home_team_goal_count,away_team_goal_count,total_goal_count,home_team_corner_count,away_team_corner_count,home_team_yellow_cards,home_team_red_cards,away_team_yellow_cards,away_team_red_cards,home_team_shots,away_team_shots,home_team_shots_on_target,away_team_shots_on_target,home_team_fouls,away_team_fouls,home_team_possession,away_team_possession,stadium_name
Aug 10 2018 - 7:00pm,74439,Manchester United,Leicester City,Andre Marriner,1,2,1,3,2,5,2,0,1,0,8,8,7,5,11,8,46,54,Old Trafford (Manchester)
Aug 11 2018 - 11:30am,51749,Newcastle United,Tottenham Hotspur,Martin Atkinson,1,1,2,3,3,5,2,0,2,0,11,13,3,6,11,12,40,60,St. James' Park (Newcastle upon Tyne)
Aug 11 2018 - 2:00pm,10353,AFC Bournemouth,Cardiff City,Kevin Friend,1,2,0,2,7,4,1,0,1,0,11,7,5,2,11,9,62,38,Vitality Stadium (Bournemouth- Dorset)
Aug 11 2018 - 2:00pm,24821,Fulham,Crystal Palace,Mike Dean,1,0,2,2,5,5,1,0,2,0,11,11,7,11,9,11,66,34,Craven Cottage (London)
Aug 11 2018 - 2:00pm,24121,Huddersfield Town,Chelsea,Chris Kavanagh,1,0,3,3,2,5,2,0,1,0,6,8,2,5,9,8,37,63,John Smith's Stadium (Huddersfield- West Yorkshire)
Aug 11 2018 - 2:00pm,20051,Watford,Brighton & Hove Albion,Jonathan Moss,1,2,0,2,8,2,2,0,2,0,15,6,6,0,10,16,53,47,Vicarage Road (Watford)
Aug 11 2018 - 4:30pm,31231,Wolverhampton Wanderers,Everton,Craig Pawson,1,2,2,4,3,6,0,0,1,1,10,9,5,6,8,7,57,43,Molineux Stadium (Wolverhampton- West Midlands)
Aug 12 2018 - 12:30pm,53235,Liverpool,West Ham United,Anthony Taylor,1,4,0,4,5,4,1,0,2,0,16,5,9,3,14,9,64,36,Anfield (Liverpool)
Aug 12 2018 - 12:30pm,30784,Southampton,Burnley,Graham Scott,1,0,0,0,8,5,0,0,1,0,10,13,4,7,10,9,47,53,St. Mary's Stadium (Southampton- Hampshire)
Aug 12 2018 - 3:00pm,59934,Arsenal,Manchester City,Michael Oliver,1,0,2,2,2,9,2,0,2,0,8,14,4,9,11,14,42,58,Emirates Stadium (London)
Aug 18 2018 - 11:30am,30720,Cardiff City,Newcastle United,Craig Pawson,2,0,0,0,5,5,2,0,2,1,8,8,2,7,14,16,51,49,Cardiff City Stadium (Cardiff (Caerdydd))
Aug 18 2018 - 2:00pm,38601,Everton,Southampton,Lee Mason,2,2,1,3,2,5,0,0,5,0,11,11,8,5,8,20,58,42,Goodison Park (Liverpool)
Aug 18 2018 - 2:00pm,32043,Leicester City,Wolverhampton Wanderers,Mike Dean,2,2,0,2,1,9,2,1,1,0,5,11,3,4,10,8,42,58,King Power Stadium (Leicester- Leicestershire)
Aug 18 2018 - 2:00pm,58297,Tottenham Hotspur,Fulham,Anthony Taylor,2,3,1,4,5,2,0,0,0,0,22,9,12,4,9,5,59,41,Wembley Stadium (London)
Aug 18 2018 - 2:00pm,56888,West Ham United,AFC Bournemouth,Stuart Attwell,2,1,2,3,6,4,6,0,2,0,9,9,6,6,14,10,61,39,London Stadium (London)
Aug 18 2018 - 4:30pm,40491,Chelsea,Arsenal,Martin Atkinson,2,3,2,5,5,1,0,0,2,0,19,13,12,7,12,9,62,38,Stamford Bridge (London)
Aug 19 2018 - 12:30pm,18822,Burnley,Watford,Paul Tierney,2,1,3,4,5,2,1,0,2,0,7,7,4,7,8,19,58,42,Turf Moor (Burnley)
Aug 19 2018 - 12:30pm,54021,Manchester City,Huddersfield Town,Andre Marriner,2,6,1,7,10,3,0,0,2,0,24,4,15,2,9,4,76,24,Etihad Stadium (Manchester)
Aug 19 2018 - 3:00pm,30592,Brighton & Hove Albion,Manchester United,Kevin Friend,2,3,2,5,3,5,1,0,1,0,7,8,4,4,16,13,33,67,The American Express Community Stadium (Falmer- East Sussex)
Aug 20 2018 - 7:00pm,25750,Crystal Palace,Liverpool,Michael Oliver,2,0,2,2,6,7,1,1,1,0,8,11,3,7,6,13,36,64,Selhurst Park (London)
Aug 25 2018 - 11:30am,31222,Wolverhampton Wanderers,Manchester City,Martin Atkinson,3,1,1,2,5,9,1,0,2,0,9,13,3,7,13,8,28,72,Molineux Stadium (Wolverhampton- West Midlands)
Aug 25 2018 - 2:00pm,10654,AFC Bournemouth,Everton,Lee Probert,3,2,2,4,6,2,0,1,3,1,16,9,6,4,12,10,49,51,Vitality Stadium (Bournemouth- Dorset)
Aug 25 2018 - 2:00pm,59830,Arsenal,West Ham United,Graham Scott,3,3,1,4,7,2,1,0,3,0,13,11,11,6,16,13,61,39,Emirates Stadium (London)
Aug 25 2018 - 2:00pm,21193,Huddersfield Town,Cardiff City,Michael Oliver,3,0,0,0,7,7,0,1,1,0,4,11,2,5,8,10,58,42,John Smith's Stadium (Huddersfield- West Yorkshire)
Aug 25 2018 - 2:00pm,29925,Southampton,Leicester City,Jonathan Moss,3,1,2,3,10,3,2,1,1,0,10,9,6,6,13,11,51,49,St. Mary's Stadium (Southampton- Hampshire)
Aug 25 2018 - 4:30pm,53294,Liverpool,Brighton & Hove Albion,Chris Kavanagh,3,1,0,1,8,5,1,0,1,0,16,5,9,3,8,14,70,30,Anfield (Liverpool)
Aug 26 2018 - 12:30pm,20014,Watford,Crystal Palace,Anthony Taylor,3,2,1,3,6,3,4,0,2,0,10,9,6,4,14,11,43,57,Vicarage Road (Watford)
Aug 26 2018 - 3:00pm,23438,Fulham,Burnley,David Coote,3,4,2,6,6,4,2,0,1,0,23,8,13,3,11,8,63,37,Craven Cottage (London)
Aug 26 2018 - 3:00pm,51791,Newcastle United,Chelsea,Paul Tierney,3,1,2,3,4,5,3,0,1,0,5,11,3,4,16,8,18,82,St. James' Park (Newcastle upon Tyne)
Aug 27 2018 - 7:00pm,74400,Manchester United,Tottenham Hotspur,Craig Pawson,3,0,3,3,5,2,2,0,3,0,18,8,6,6,11,16,57,43,Old Trafford (Manchester)
Sep 01 2018 - 11:30am,32149,Leicester City,Liverpool,Paul Tierney,4,1,2,3,4,4,3,0,2,0,9,9,6,5,9,12,51,49,King Power Stadium (Leicester- Leicestershire)
Sep 01 2018 - 2:00pm,30526,Brighton & Hove Albion,Fulham,Lee Probert,4,2,2,4,7,1,3,0,3,0,13,9,6,6,12,14,41,59,The American Express Community Stadium (Falmer- East Sussex)
Sep 01 2018 - 2:00pm,40178,Chelsea,AFC Bournemouth,Lee Mason,4,2,0,2,7,6,2,0,2,0,13,8,7,2,10,7,72,28,Stamford Bridge (London)
Sep 01 2018 - 2:00pm,25495,Crystal Palace,Southampton,Martin Atkinson,4,0,2,2,7,4,1,0,1,0,14,13,7,7,11,12,50,50,Selhurst Park (London)
Sep 01 2018 - 2:00pm,38767,Everton,Huddersfield Town,Stuart Attwell,4,1,1,2,4,3,3,0,3,0,10,8,2,7,13,14,57,43,Goodison Park (Liverpool)
Sep 01 2018 - 2:00pm,59947,West Ham United,Wolverhampton Wanderers,Chris Kavanagh,4,0,1,1,4,4,2,0,1,0,9,14,4,7,10,11,47,53,London Stadium (London)
Sep 01 2018 - 4:30pm,53946,Manchester City,Newcastle United,Kevin Friend,4,2,1,3,4,0,0,0,0,0,18,4,9,3,5,13,78,22,Etihad Stadium (Manchester)
Sep 02 2018 - 12:30pm,32316,Cardiff City,Arsenal,Anthony Taylor,4,2,3,5,3,9,3,0,4,0,14,16,4,12,12,14,27,73,Cardiff City Stadium (Cardiff (Caerdydd))
Sep 02 2018 - 3:00pm,21525,Burnley,Manchester United,Jonathan Moss,4,0,2,2,2,5,2,0,3,1,9,16,3,10,7,13,46,54,Turf Moor (Burnley)
Sep 02 2018 - 3:00pm,20141,Watford,Tottenham Hotspur,Andre Marriner,4,2,1,3,3,10,2,0,1,0,7,10,4,3,9,8,34,66,Vicarage Road (Watford)
Sep 15 2018 - 11:30am,80188,Tottenham Hotspur,Liverpool,Michael Oliver,5,1,2,3,5,4,0,0,0,0,9,16,4,11,17,16,60,40,Wembley Stadium (London)
Sep 15 2018 - 2:00pm,10543,AFC Bournemouth,Leicester City,Craig Pawson,5,4,2,6,4,6,3,0,3,1,8,13,6,9,13,15,46,54,Vitality Stadium (Bournemouth- Dorset)
Sep 15 2018 - 2:00pm,40499,Chelsea,Cardiff City,Jonathan Moss,5,4,1,5,5,4,0,0,0,0,16,7,8,3,8,10,76,24,Stamford Bridge (London)
Sep 15 2018 - 2:00pm,23696,Huddersfield Town,Crystal Palace,Lee Mason,5,0,1,1,5,3,1,0,2,0,12,5,3,3,11,17,58,42,John Smith's Stadium (Huddersfield- West Yorkshire)
Sep 15 2018 - 2:00pm,53307,Manchester City,Fulham,Stuart Attwell,5,3,0,3,10,4,0,0,0,0,18,9,10,4,7,7,64,36,Etihad Stadium (Manchester)
Sep 15 2018 - 2:00pm,52165,Newcastle United,Arsenal,Lee Probert,5,1,2,3,10,4,0,0,0,0,3,8,3,3,13,11,36,64,St. James' Park (Newcastle upon Tyne)
Sep 15 2018 - 4:30pm,20537,Watford,Manchester United,Mike Dean,5,1,2,3,6,8,2,0,2,1,9,8,6,7,9,11,42,58,Vicarage Road (Watford)
Sep 16 2018 - 12:30pm,30406,Wolverhampton Wanderers,Burnley,Andre Marriner,5,1,0,1,8,2,2,0,4,0,21,8,8,3,10,9,58,42,Molineux Stadium (Wolverhampton- West Midlands)
Sep 16 2018 - 3:00pm,39161,Everton,West Ham United,Martin Atkinson,5,1,3,4,4,2,2,0,5,0,11,7,5,5,15,12,55,45,Goodison Park (Liverpool)
Sep 17 2018 - 7:00pm,27742,Southampton,Brighton & Hove Albion,Anthony Taylor,5,2,2,4,1,4,2,0,3,0,12,10,6,5,10,13,51,49,St. Mary's Stadium (Southampton- Hampshire)
Sep 22 2018 - 11:30am,23418,Fulham,Watford,Martin Atkinson,6,1,1,2,8,8,2,0,1,0,10,11,4,7,11,9,60,40,Craven Cottage (London)
Sep 22 2018 - 2:00pm,18636,Burnley,AFC Bournemouth,Anthony Taylor,6,4,0,4,3,8,2,0,0,0,9,11,6,6,17,6,37,63,Turf Moor (Burnley)
Sep 22 2018 - 2:00pm,32321,Cardiff City,Manchester City,Michael Oliver,6,0,5,5,1,9,1,0,1,0,3,15,3,11,6,4,21,79,Cardiff City Stadium (Cardiff (Caerdydd))
Sep 22 2018 - 2:00pm,25679,Crystal Palace,Newcastle United,Andre Marriner,6,0,0,0,9,5,1,0,1,0,12,7,5,4,8,11,61,39,Selhurst Park (London)
Sep 22 2018 - 2:00pm,31676,Leicester City,Huddersfield Town,David Coote,6,3,1,4,3,1,2,0,1,0,16,8,9,3,10,16,62,38,King Power Stadium (Leicester- Leicestershire)
Sep 22 2018 - 2:00pm,50965,Liverpool,Southampton,Paul Tierney,6,3,0,3,5,5,0,0,2,0,10,3,5,2,7,10,60,40,Anfield (Liverpool)
Sep 22 2018 - 2:00pm,74489,Manchester United,Wolverhampton Wanderers,Kevin Friend,6,1,1,2,5,4,1,0,1,0,10,12,7,9,5,17,64,36,Old Trafford (Manchester)
Sep 22 2018 - 4:30pm,30531,Brighton & Hove Albion,Tottenham Hotspur,Chris Kavanagh,6,1,2,3,5,7,2,0,1,0,8,13,5,8,15,9,28,72,The American Express Community Stadium (Falmer- East Sussex)
Sep 23 2018 - 12:30pm,56875,West Ham United,Chelsea,Mike Dean,6,0,0,0,1,8,2,0,1,0,6,13,2,7,11,9,28,72,London Stadium (London)
Sep 23 2018 - 3:00pm,59964,Arsenal,Everton,Jonathan Moss,6,2,0,2,5,9,2,0,1,0,7,9,6,7,17,12,62,38,Emirates Stadium (London)
Sep 29 2018 - 11:30am,56938,West Ham United,Manchester United,Michael Oliver,7,3,1,4,4,9,0,0,1,0,8,6,4,5,12,12,49,51,London Stadium (London)
Sep 29 2018 - 2:00pm,60019,Arsenal,Watford,Anthony Taylor,7,2,0,2,6,6,2,0,2,0,9,13,3,6,11,17,63,37,Emirates Stadium (London)
Sep 29 2018 - 2:00pm,38788,Everton,Fulham,Roger East,7,3,0,3,12,1,0,0,3,0,13,7,7,0,13,13,51,49,Goodison Park (Liverpool)
Sep 29 2018 - 2:00pm,23885,Huddersfield Town,Tottenham Hotspur,Craig Pawson,7,0,2,2,3,0,2,0,2,0,9,11,6,7,17,16,52,48,John Smith's Stadium (Huddersfield- West Yorkshire)
Sep 29 2018 - 2:00pm,54152,Manchester City,Brighton & Hove Albion,Lee Mason,7,2,0,2,10,3,0,0,3,0,22,3,9,2,4,10,80,20,Etihad Stadium (Manchester)
Sep 29 2018 - 2:00pm,51523,Newcastle United,Leicester City,Simon Hooper,7,0,2,2,5,9,0,0,0,0,6,10,2,6,11,5,41,59,St. James' Park (Newcastle upon Tyne)
Sep 29 2018 - 2:00pm,31147,Wolverhampton Wanderers,Southampton,Stuart Attwell,7,2,0,2,8,6,3,0,1,0,13,11,7,7,11,7,48,52,Molineux Stadium (Wolverhampton- West Midlands)
Sep 29 2018 - 4:30pm,40625,Chelsea,Liverpool,Andre Marriner,7,1,1,2,4,4,0,0,2,0,9,13,5,7,7,9,47,53,Stamford Bridge (London)
Sep 30 2018 - 3:00pm,30411,Cardiff City,Burnley,Martin Atkinson,7,1,2,3,10,2,1,0,3,0,15,4,6,3,11,15,54,46,Cardiff City Stadium (Cardiff (Caerdydd))
Oct 01 2018 - 7:00pm,10199,AFC Bournemouth,Crystal Palace,Mike Dean,7,2,1,3,3,3,3,0,4,0,10,7,6,3,9,12,44,56,Vitality Stadium (Bournemouth- Dorset)
Oct 05 2018 - 7:00pm,30544,Brighton & Hove Albion,West Ham United,Kevin Friend,8,1,0,1,2,9,3,0,2,0,9,12,5,5,12,8,35,65,The American Express Community Stadium (Falmer- East Sussex)
Oct 06 2018 - 2:00pm,20533,Burnley,Huddersfield Town,Chris Kavanagh,8,1,1,2,1,10,2,0,2,0,4,10,4,3,9,11,31,69,Turf Moor (Burnley)
Oct 06 2018 - 2:00pm,25715,Crystal Palace,Wolverhampton Wanderers,Michael Oliver,8,0,1,1,6,3,3,0,4,0,9,8,5,3,11,13,67,33,Selhurst Park (London)
Oct 06 2018 - 2:00pm,32007,Leicester City,Everton,Andre Marriner,8,1,2,3,2,10,3,1,1,0,8,14,3,9,10,11,51,49,King Power Stadium (Leicester- Leicestershire)
Oct 06 2018 - 2:00pm,43268,Tottenham Hotspur,Cardiff City,Mike Dean,8,1,0,1,6,2,3,0,1,1,14,9,8,7,7,11,75,25,Wembley Stadium (London)
Oct 06 2018 - 2:00pm,20139,Watford,AFC Bournemouth,Jonathan Moss,8,0,4,4,10,7,4,1,1,0,5,11,3,8,11,9,47,53,Vicarage Road (Watford)
Oct 06 2018 - 4:30pm,74519,Manchester United,Newcastle United,Anthony Taylor,8,3,2,5,10,6,2,0,2,0,16,14,11,9,16,8,73,27,Old Trafford (Manchester)
Oct 07 2018 - 11:00am,25401,Fulham,Arsenal,Paul Tierney,8,1,5,6,4,2,2,0,0,0,13,10,5,8,11,12,48,52,Craven Cottage (London)
Oct 07 2018 - 1:15pm,27077,Southampton,Chelsea,Craig Pawson,8,0,3,3,4,12,6,0,0,0,13,10,7,7,13,11,34,66,St. Mary's Stadium (Southampton- Hampshire)
Oct 07 2018 - 3:30pm,52117,Liverpool,Manchester City,Martin Atkinson,8,0,0,0,2,6,1,0,3,0,7,6,3,3,10,10,49,51,Anfield (Liverpool)
Oct 20 2018 - 11:30am,40721,Chelsea,Manchester United,Mike Dean,9,2,2,4,5,3,2,0,5,0,15,8,7,5,9,17,62,38,Stamford Bridge (London)
Oct 20 2018 - 2:00pm,10986,AFC Bournemouth,Southampton,Lee Probert,9,0,0,0,6,4,1,0,2,0,8,7,3,5,11,14,57,43,Vitality Stadium (Bournemouth- Dorset)
Oct 20 2018 - 2:00pm,29681,Cardiff City,Fulham,Kevin Friend,9,4,2,6,4,4,3,0,3,0,16,8,6,5,15,16,40,60,Cardiff City Stadium (Cardiff (Caerdydd))
Oct 20 2018 - 2:00pm,54094,Manchester City,Burnley,Jonathan Moss,9,5,0,5,10,1,2,0,2,0,17,5,11,0,11,5,69,31,Etihad Stadium (Manchester)
Oct 20 2018 - 2:00pm,50329,Newcastle United,Brighton & Hove Albion,Andre Marriner,9,0,1,1,10,2,0,0,2,0,19,7,7,3,13,17,68,32,St. James' Park (Newcastle upon Tyne)
Oct 20 2018 - 2:00pm,56921,West Ham United,Tottenham Hotspur,Martin Atkinson,9,0,1,1,10,6,3,0,0,0,12,7,5,3,8,10,44,56,London Stadium (London)
Oct 20 2018 - 2:00pm,31144,Wolverhampton Wanderers,Watford,Lee Mason,9,0,2,2,8,2,3,0,1,0,8,6,2,4,23,13,44,56,Molineux Stadium (Wolverhampton- West Midlands)
Oct 20 2018 - 4:30pm,24263,Huddersfield Town,Liverpool,Michael Oliver,9,0,1,1,2,4,0,0,2,0,8,7,2,3,9,6,47,53,John Smith's Stadium (Huddersfield- West Yorkshire)
Oct 21 2018 - 3:00pm,38668,Everton,Crystal Palace,Anthony Taylor,9,2,0,2,10,5,2,0,1,0,14,8,5,4,13,17,59,41,Goodison Park (Liverpool)
Oct 22 2018 - 7:00pm,59886,Arsenal,Leicester City,Chris Kavanagh,9,3,1,4,6,4,2,0,2,0,18,6,7,3,10,10,69,31,Emirates Stadium (London)
Oct 27 2018 - 2:00pm,30654,Brighton & Hove Albion,Wolverhampton Wanderers,Anthony Taylor,10,1,0,1,1,10,3,0,0,0,7,16,2,8,11,8,39,61,The American Express Community Stadium (Falmer- East Sussex)
Oct 27 2018 - 2:00pm,25071,Fulham,AFC Bournemouth,Andre Marriner,10,0,3,3,5,5,3,1,1,0,11,12,2,6,16,3,52,48,Craven Cottage (London)
Oct 27 2018 - 2:00pm,53373,Liverpool,Cardiff City,Stuart Attwell,10,4,1,5,8,0,0,0,0,0,14,3,8,2,6,4,79,21,Anfield (Liverpool)
Oct 27 2018 - 2:00pm,30736,Southampton,Newcastle United,Chris Kavanagh,10,0,0,0,7,2,0,0,1,0,18,5,5,0,9,12,50,50,St. Mary's Stadium (Southampton- Hampshire)
Oct 27 2018 - 2:00pm,20457,Watford,Huddersfield Town,Mike Dean,10,3,0,3,3,3,1,0,2,0,13,12,7,8,9,13,48,52,Vicarage Road (Watford)
Oct 27 2018 - 4:30pm,31848,Leicester City,West Ham United,Michael Oliver,10,1,1,2,8,0,1,0,1,1,19,10,8,4,17,5,64,36,King Power Stadium (Leicester- Leicestershire)
Oct 28 2018 - 1:30pm,21430,Burnley,Chelsea,Craig Pawson,10,0,4,4,4,4,4,0,2,0,6,18,2,9,14,10,30,70,Turf Moor (Burnley)
Oct 28 2018 - 1:30pm,25718,Crystal Palace,Arsenal,Martin Atkinson,10,2,2,4,6,4,1,0,2,0,15,6,4,3,10,16,42,58,Selhurst Park (London)
Oct 28 2018 - 4:00pm,74525,Manchester United,Everton,Jonathan Moss,10,2,1,3,8,4,2,0,1,0,14,14,11,7,15,12,53,47,Old Trafford (Manchester)
Oct 29 2018 - 8:00pm,56854,Tottenham Hotspur,Manchester City,Kevin Friend,10,0,1,1,3,6,2,0,2,0,5,9,2,7,13,13,48,52,Wembley Stadium (London)
Nov 03 2018 - 12:30pm,10792,AFC Bournemouth,Manchester United,Paul Tierney,11,1,2,3,9,5,4,0,3,0,11,15,8,9,12,12,48,52,Vitality Stadium (Bournemouth- Dorset)
Nov 03 2018 - 3:00pm,30877,Cardiff City,Leicester City,Lee Probert,11,0,1,1,6,12,2,0,2,0,11,10,3,6,13,12,40,60,Cardiff City Stadium (Cardiff (Caerdydd))
Nov 03 2018 - 3:00pm,38966,Everton,Brighton & Hove Albion,David Coote,11,3,1,4,6,4,0,0,1,0,13,4,4,4,9,17,61,39,Goodison Park (Liverpool)
Nov 03 2018 - 3:00pm,49157,Newcastle United,Watford,Craig Pawson,11,1,0,1,8,9,1,0,5,0,7,12,3,2,12,11,41,59,St. James' Park (Newcastle upon Tyne)
Nov 03 2018 - 3:00pm,56862,West Ham United,Burnley,Roger East,11,4,2,6,10,4,1,0,4,0,17,5,11,4,7,9,62,38,London Stadium (London)
Nov 03 2018 - 5:30pm,59993,Arsenal,Liverpool,Andre Marriner,11,1,1,2,5,8,1,0,1,0,10,10,5,5,7,7,61,39,Emirates Stadium (London)
Nov 03 2018 - 7:45pm,31185,Wolverhampton Wanderers,Tottenham Hotspur,Mike Dean,11,2,3,5,5,1,1,0,2,0,12,10,8,9,11,8,48,52,Molineux Stadium (Wolverhampton- West Midlands)
Nov 04 2018 - 3:00pm,53916,Manchester City,Southampton,Lee Mason,11,6,1,7,4,4,1,0,1,0,14,12,9,7,14,9,67,33,Etihad Stadium (Manchester)
Nov 04 2018 - 4:00pm,40407,Chelsea,Crystal Palace,Michael Oliver,11,3,1,4,4,2,0,0,1,0,12,5,7,3,6,13,73,27,Stamford Bridge (London)
Nov 05 2018 - 8:00pm,17082,Huddersfield Town,Fulham,Anthony Taylor,11,1,0,1,5,4,1,0,2,0,9,5,3,2,11,8,45,55,John Smith's Stadium (Huddersfield- West Yorkshire)
Nov 10 2018 - 12:30pm,29402,Cardiff City,Brighton & Hove Albion,Martin Atkinson,12,2,1,3,4,1,2,0,1,1,16,6,7,4,7,21,60,40,Cardiff City Stadium (Cardiff (Caerdydd))
Nov 10 2018 - 3:00pm,24069,Huddersfield Town,West Ham United,Chris Kavanagh,12,1,1,2,5,6,1,0,1,0,15,10,8,6,9,8,43,57,John Smith's Stadium (Huddersfield- West Yorkshire)
Nov 10 2018 - 3:00pm,32184,Leicester City,Burnley,Mike Dean,12,0,0,0,12,1,2,0,0,0,15,5,6,2,13,10,63,37,King Power Stadium (Leicester- Leicestershire)
Nov 10 2018 - 3:00pm,49266,Newcastle United,AFC Bournemouth,Lee Probert,12,2,1,3,7,10,2,0,1,0,15,10,7,5,9,11,39,61,St. James' Park (Newcastle upon Tyne)
Nov 10 2018 - 3:00pm,28153,Southampton,Watford,Simon Hooper,12,1,1,2,7,6,3,0,2,0,11,10,5,7,13,13,42,58,St. Mary's Stadium (Southampton- Hampshire)
Nov 10 2018 - 5:30pm,25685,Crystal Palace,Tottenham Hotspur,Jonathan Moss,12,0,1,1,10,6,1,0,1,0,11,9,6,3,12,9,35,65,Selhurst Park (London)
Nov 11 2018 - 12:00pm,53128,Liverpool,Fulham,Paul Tierney,12,2,0,2,6,3,1,0,1,0,15,8,8,4,11,9,73,27,Anfield (Liverpool)
Nov 11 2018 - 2:15pm,40345,Chelsea,Everton,Kevin Friend,12,0,0,0,5,5,4,0,3,0,12,5,5,2,7,11,68,32,Stamford Bridge (London)
Nov 11 2018 - 4:30pm,60030,Arsenal,Wolverhampton Wanderers,Stuart Attwell,12,1,1,2,11,2,2,0,2,0,7,12,4,6,9,16,71,29,Emirates Stadium (London)
Nov 11 2018 - 4:30pm,54316,Manchester City,Manchester United,Anthony Taylor,12,3,1,4,5,1,1,0,1,0,12,3,6,2,12,12,64,36,Etihad Stadium (Manchester)
Nov 24 2018 - 3:00pm,30553,Brighton & Hove Albion,Leicester City,Chris Kavanagh,13,1,1,2,6,1,3,0,2,1,12,7,4,4,10,7,54,46,The American Express Community Stadium (Falmer- East Sussex)
Nov 24 2018 - 3:00pm,39139,Everton,Cardiff City,Paul Tierney,13,1,0,1,7,3,0,0,3,0,14,6,9,2,12,13,70,30,Goodison Park (Liverpool)
Nov 24 2018 - 3:00pm,24603,Fulham,Southampton,Michael Oliver,13,3,2,5,2,5,2,0,3,0,9,15,6,9,10,6,37,63,Craven Cottage (London)
Nov 24 2018 - 3:00pm,74516,Manchester United,Crystal Palace,Lee Mason,13,0,0,0,10,3,1,0,2,0,10,12,6,3,13,12,59,41,Old Trafford (Manchester)
Nov 24 2018 - 3:00pm,20540,Watford,Liverpool,Jonathan Moss,13,0,3,3,5,5,0,0,1,1,6,11,2,8,12,13,36,64,Vicarage Road (Watford)
Nov 24 2018 - 3:00pm,56886,West Ham United,Manchester City,Andre Marriner,13,0,4,4,8,1,0,0,0,0,7,9,2,7,6,3,30,70,London Stadium (London)
Nov 24 2018 - 5:30pm,55465,Tottenham Hotspur,Chelsea,Martin Atkinson,13,3,1,4,4,4,0,0,3,0,16,8,10,3,19,12,39,61,Wembley Stadium (London)
Nov 25 2018 - 1:30pm,10792,AFC Bournemouth,Arsenal,Craig Pawson,13,1,2,3,5,8,2,0,1,0,8,16,6,5,6,9,41,59,Vitality Stadium (Bournemouth- Dorset)
Nov 25 2018 - 4:00pm,30130,Wolverhampton Wanderers,Huddersfield Town,Kevin Friend,13,0,2,2,3,5,1,0,2,0,10,11,4,7,9,8,44,56,Molineux Stadium (Wolverhampton- West Midlands)
Nov 26 2018 - 8:30pm,20628,Burnley,Newcastle United,Anthony Taylor,13,1,2,3,5,5,0,0,1,0,13,12,5,4,6,11,56,44,Turf Moor (Burnley)
Nov 30 2018 - 8:00pm,30213,Cardiff City,Wolverhampton Wanderers,Andre Marriner,14,2,1,3,7,6,1,0,2,0,12,14,4,5,3,12,47,53,Cardiff City Stadium (Cardiff (Caerdydd))
Dec 01 2018 - 3:00pm,25098,Crystal Palace,Burnley,Lee Probert,14,2,0,2,10,2,1,0,1,0,21,3,10,0,9,10,58,42,Selhurst Park (London)
Dec 01 2018 - 3:00pm,22973,Huddersfield Town,Brighton & Hove Albion,Michael Oliver,14,1,2,3,2,6,0,1,2,0,6,10,3,7,10,12,32,68,John Smith's Stadium (Huddersfield- West Yorkshire)
Dec 01 2018 - 3:00pm,31353,Leicester City,Watford,Graham Scott,14,2,0,2,4,8,2,0,1,1,7,7,4,0,7,6,37,63,King Power Stadium (Leicester- Leicestershire)
Dec 01 2018 - 3:00pm,54409,Manchester City,AFC Bournemouth,Stuart Attwell,14,3,1,4,8,4,0,0,0,0,12,4,7,2,9,3,73,27,Etihad Stadium (Manchester)
Dec 01 2018 - 3:00pm,51853,Newcastle United,West Ham United,Paul Tierney,14,0,3,3,7,3,3,0,3,0,12,8,5,5,10,10,58,42,St. James' Park (Newcastle upon Tyne)
Dec 01 2018 - 5:30pm,30187,Southampton,Manchester United,Kevin Friend,14,2,2,4,3,5,4,0,4,0,13,10,7,6,12,13,40,60,St. Mary's Stadium (Southampton- Hampshire)
Dec 02 2018 - 12:00pm,40551,Chelsea,Fulham,Craig Pawson,14,2,0,2,4,6,2,0,1,0,11,9,10,5,8,17,66,34,Stamford Bridge (London)
Dec 02 2018 - 2:05pm,59973,Arsenal,Tottenham Hotspur,Mike Dean,14,4,2,6,8,5,3,0,4,1,19,10,8,7,15,17,59,41,Emirates Stadium (London)
Dec 02 2018 - 4:15pm,51756,Liverpool,Everton,Chris Kavanagh,14,1,0,1,8,1,3,0,2,0,14,8,4,4,12,7,57,43,Anfield (Liverpool)
Dec 04 2018 - 7:45pm,9980,AFC Bournemouth,Huddersfield Town,Roger East,15,2,1,3,4,8,4,0,2,0,7,17,3,7,14,11,32,68,Vitality Stadium (Bournemouth- Dorset)
Dec 04 2018 - 7:45pm,29663,Brighton & Hove Albion,Crystal Palace,Kevin Friend,15,3,1,4,4,5,2,1,3,0,7,14,4,6,14,12,31,69,The American Express Community Stadium (Falmer- East Sussex)
Dec 04 2018 - 7:45pm,56811,West Ham United,Cardiff City,Graham Scott,15,3,1,4,10,4,1,0,2,0,15,8,12,6,10,10,61,39,London Stadium (London)
Dec 04 2018 - 8:00pm,20389,Watford,Manchester City,Paul Tierney,15,1,2,3,3,11,0,0,1,0,10,13,8,8,4,8,29,71,Vicarage Road (Watford)
Dec 05 2018 - 7:45pm,21741,Burnley,Liverpool,Stuart Attwell,15,1,3,4,5,9,1,0,0,0,10,15,7,13,10,3,25,75,Turf Moor (Burnley)
Dec 05 2018 - 7:45pm,22881,Fulham,Leicester City,David Coote,15,1,1,2,10,8,0,0,0,0,18,12,8,6,12,7,45,55,Craven Cottage (London)
Dec 05 2018 - 7:45pm,31300,Wolverhampton Wanderers,Chelsea,Jonathan Moss,15,2,1,3,1,5,4,0,4,0,6,14,3,4,18,10,29,71,Molineux Stadium (Wolverhampton- West Midlands)
Dec 05 2018 - 7:45pm,39350,Everton,Newcastle United,Lee Mason,15,1,1,2,14,2,0,0,5,0,12,9,4,6,7,18,76,24,Goodison Park (Liverpool)
Dec 05 2018 - 8:00pm,74507,Manchester United,Arsenal,Andre Marriner,15,2,2,4,4,4,3,0,3,0,8,7,8,5,13,10,44,56,Old Trafford (Manchester)
Dec 05 2018 - 8:00pm,33012,Tottenham Hotspur,Southampton,Anthony Taylor,15,3,1,4,8,6,0,0,0,0,12,15,9,6,7,5,52,48,Wembley Stadium (London)
Dec 08 2018 - 12:30pm,10752,AFC Bournemouth,Liverpool,Lee Mason,16,0,4,4,6,6,2,0,1,0,6,9,3,5,9,11,40,60,Vitality Stadium (Bournemouth- Dorset)
Dec 08 2018 - 3:00pm,59893,Arsenal,Huddersfield Town,Paul Tierney,16,1,0,1,7,1,5,0,4,0,11,6,3,0,13,20,61,39,Emirates Stadium (London)
Dec 08 2018 - 3:00pm,18497,Burnley,Brighton & Hove Albion,Martin Atkinson,16,1,0,1,2,7,2,0,0,0,9,14,5,2,11,11,37,63,Turf Moor (Burnley)
Dec 08 2018 - 3:00pm,30067,Cardiff City,Southampton,Jonathan Moss,16,1,0,1,7,7,2,0,2,0,13,8,5,2,9,10,36,64,Cardiff City Stadium (Cardiff (Caerdydd))
Dec 08 2018 - 3:00pm,74523,Manchester United,Fulham,Lee Probert,16,4,1,5,10,3,1,0,2,1,18,9,12,5,11,15,62,38,Old Trafford (Manchester)
Dec 08 2018 - 3:00pm,56995,West Ham United,Crystal Palace,Anthony Taylor,16,3,2,5,5,3,1,0,2,0,12,7,7,5,10,8,48,52,London Stadium (London)
Dec 08 2018 - 5:30pm,40571,Chelsea,Manchester City,Michael Oliver,16,2,0,2,1,13,2,0,0,0,7,11,6,5,12,11,38,62,Stamford Bridge (London)
Dec 08 2018 - 7:45pm,31957,Leicester City,Tottenham Hotspur,Craig Pawson,16,0,2,2,6,5,3,0,1,0,9,7,4,3,12,7,42,58,King Power Stadium (Leicester- Leicestershire)
Dec 09 2018 - 4:00pm,50223,Newcastle United,Wolverhampton Wanderers,Mike Dean,16,1,2,3,4,6,2,1,5,0,10,12,5,7,10,17,50,50,St. James' Park (Newcastle upon Tyne)
Dec 10 2018 - 8:00pm,38400,Everton,Watford,Kevin Friend,16,2,2,4,6,6,1,0,1,0,11,11,6,4,13,13,56,44,Goodison Park (Liverpool)
Dec 15 2018 - 12:30pm,54173,Manchester City,Everton,Craig Pawson,17,3,1,4,6,2,1,0,2,0,10,8,6,3,7,9,67,33,Etihad Stadium (Manchester)
Dec 15 2018 - 3:00pm,24738,Crystal Palace,Leicester City,Michael Oliver,17,1,0,1,4,4,2,0,1,0,7,10,2,3,10,8,43,57,Selhurst Park (London)
Dec 15 2018 - 3:00pm,24036,Huddersfield Town,Newcastle United,Anthony Taylor,17,0,1,1,10,1,1,0,1,0,13,8,6,6,5,13,73,27,John Smith's Stadium (Huddersfield- West Yorkshire)
Dec 15 2018 - 3:00pm,41645,Tottenham Hotspur,Burnley,Graham Scott,17,1,0,1,8,3,0,0,2,0,10,3,4,0,7,8,70,30,Wembley Stadium (London)
Dec 15 2018 - 3:00pm,20032,Watford,Cardiff City,Andy Madley,17,3,2,5,5,0,0,0,0,0,15,8,9,4,7,5,71,29,Vicarage Road (Watford)
Dec 15 2018 - 3:00pm,30997,Wolverhampton Wanderers,AFC Bournemouth,Simon Hooper,17,2,0,2,5,3,1,0,2,0,8,9,5,4,15,7,37,63,Molineux Stadium (Wolverhampton- West Midlands)
Dec 15 2018 - 5:30pm,24081,Fulham,West Ham United,Mike Dean,17,0,2,2,6,4,2,0,1,0,14,6,5,4,14,10,56,44,Craven Cottage (London)
Dec 16 2018 - 1:30pm,30645,Brighton & Hove Albion,Chelsea,Stuart Attwell,17,1,2,3,4,1,2,0,2,0,6,8,3,4,14,6,41,59,The American Express Community Stadium (Falmer- East Sussex)
Dec 16 2018 - 1:30pm,29497,Southampton,Arsenal,Chris Kavanagh,17,3,2,5,4,5,3,0,1,0,9,9,8,5,12,10,33,67,St. Mary's Stadium (Southampton- Hampshire)
Dec 16 2018 - 4:00pm,52908,Liverpool,Manchester United,Martin Atkinson,17,3,1,4,13,2,0,0,2,0,23,6,12,3,6,14,64,36,Anfield (Liverpool)
Dec 21 2018 - 8:00pm,31358,Wolverhampton Wanderers,Liverpool,Craig Pawson,18,0,2,2,1,10,0,0,0,0,10,11,6,7,7,3,38,62,Molineux Stadium (Wolverhampton- West Midlands)
Dec 22 2018 - 12:30pm,59493,Arsenal,Burnley,Kevin Friend,18,3,1,4,1,3,2,0,5,0,8,6,7,3,10,14,60,40,Emirates Stadium (London)
Dec 22 2018 - 3:00pm,10491,AFC Bournemouth,Brighton & Hove Albion,Mike Dean,18,2,0,2,6,5,2,0,1,1,11,10,4,6,8,18,57,43,Vitality Stadium (Bournemouth- Dorset)
Dec 22 2018 - 3:00pm,40558,Chelsea,Leicester City,Lee Probert,18,0,1,1,9,5,0,0,2,0,14,6,6,4,10,9,72,28,Stamford Bridge (London)
Dec 22 2018 - 3:00pm,22394,Huddersfield Town,Southampton,Stuart Attwell,18,1,3,4,8,2,2,0,3,0,11,13,6,7,12,9,62,38,John Smith's Stadium (Huddersfield- West Yorkshire)
Dec 22 2018 - 3:00pm,54340,Manchester City,Crystal Palace,Andre Marriner,18,2,3,5,13,0,0,0,4,0,15,6,6,4,7,6,78,22,Etihad Stadium (Manchester)
Dec 22 2018 - 3:00pm,51237,Newcastle United,Fulham,Martin Atkinson,18,0,0,0,6,0,1,0,2,0,6,3,0,3,9,12,53,47,St. James' Park (Newcastle upon Tyne)
Dec 22 2018 - 3:00pm,56833,West Ham United,Watford,Lee Mason,18,0,2,2,10,4,3,0,2,0,13,7,8,6,9,11,51,49,London Stadium (London)
Dec 22 2018 - 5:30pm,33028,Cardiff City,Manchester United,Michael Oliver,18,1,5,6,4,7,2,0,1,0,9,14,4,10,13,13,25,75,Cardiff City Stadium (Cardiff (Caerdydd))
Dec 23 2018 - 4:00pm,39319,Everton,Tottenham Hotspur,Paul Tierney,18,2,6,8,2,1,0,0,2,0,9,16,4,9,13,9,41,59,Goodison Park (Liverpool)
Dec 26 2018 - 12:30pm,24382,Fulham,Wolverhampton Wanderers,Andre Marriner,19,1,1,2,2,0,2,0,1,0,11,13,6,6,9,6,29,71,Craven Cottage (London)
Dec 26 2018 - 3:00pm,21484,Burnley,Everton,Michael Oliver,19,1,5,6,5,7,2,0,4,0,11,10,5,7,11,19,49,51,Turf Moor (Burnley)
Dec 26 2018 - 3:00pm,25206,Crystal Palace,Cardiff City,Lee Probert,19,0,0,0,12,1,0,0,3,0,18,9,6,5,9,11,62,38,Selhurst Park (London)
Dec 26 2018 - 3:00pm,32090,Leicester City,Manchester City,Mike Dean,19,2,1,3,3,7,2,0,2,1,10,9,6,5,5,8,33,67,King Power Stadium (Leicester- Leicestershire)
Dec 26 2018 - 3:00pm,53318,Liverpool,Newcastle United,Graham Scott,19,4,0,4,10,2,0,0,0,0,13,7,9,3,7,10,75,25,Anfield (Liverpool)
Dec 26 2018 - 3:00pm,74523,Manchester United,Huddersfield Town,Jonathan Moss,19,3,1,4,5,3,1,0,1,0,13,10,11,3,9,13,64,36,Old Trafford (Manchester)
Dec 26 2018 - 3:00pm,45154,Tottenham Hotspur,AFC Bournemouth,Chris Kavanagh,19,5,0,5,3,4,2,0,1,0,10,11,8,5,5,8,56,44,Wembley Stadium (London)
Dec 26 2018 - 5:15pm,30608,Brighton & Hove Albion,Arsenal,Anthony Taylor,19,1,1,2,4,9,2,0,1,0,12,6,4,5,10,4,32,68,The American Express Community Stadium (Falmer- East Sussex)
Dec 26 2018 - 7:30pm,20415,Watford,Chelsea,Martin Atkinson,19,1,2,3,3,4,1,0,0,0,9,10,3,5,15,5,35,65,Vicarage Road (Watford)
Dec 27 2018 - 7:45pm,31654,Southampton,West Ham United,Craig Pawson,19,1,2,3,4,6,2,0,0,0,9,12,6,6,10,3,45,55,St. Mary's Stadium (Southampton- Hampshire)
Dec 29 2018 - 3:00pm,30597,Brighton & Hove Albion,Everton,Andy Madley,20,1,0,1,6,6,0,0,2,0,7,11,4,5,10,11,44,56,The American Express Community Stadium (Falmer- East Sussex)
Dec 29 2018 - 3:00pm,24423,Fulham,Huddersfield Town,Kevin Friend,20,1,0,1,4,3,3,0,1,0,13,7,6,6,12,10,43,57,Craven Cottage (London)
Dec 29 2018 - 3:00pm,32047,Leicester City,Cardiff City,Simon Hooper,20,0,1,1,10,4,0,0,2,0,11,7,8,4,14,16,62,38,King Power Stadium (Leicester- Leicestershire)
Dec 29 2018 - 3:00pm,46356,Tottenham Hotspur,Wolverhampton Wanderers,Stuart Attwell,20,1,3,4,6,7,3,0,2,0,8,9,4,5,7,7,60,40,Wembley Stadium (London)
Dec 29 2018 - 3:00pm,20336,Watford,Newcastle United,Roger East,20,1,1,2,3,6,1,0,2,0,8,7,6,3,17,16,62,38,Vicarage Road (Watford)
Dec 29 2018 - 5:30pm,53326,Liverpool,Arsenal,Michael Oliver,20,5,1,6,5,3,1,0,2,0,14,6,11,3,8,13,47,53,Anfield (Liverpool)
Dec 30 2018 - 12:00pm,25781,Crystal Palace,Chelsea,Craig Pawson,20,0,1,1,3,4,0,0,1,0,3,9,0,5,11,8,34,66,Selhurst Park (London)
Dec 30 2018 - 2:15pm,20933,Burnley,West Ham United,David Coote,20,2,0,2,5,5,1,0,4,0,15,7,6,5,15,11,43,57,Turf Moor (Burnley)
Dec 30 2018 - 2:15pm,31381,Southampton,Manchester City,Paul Tierney,20,1,3,4,3,8,2,1,3,0,6,11,5,7,11,10,23,77,St. Mary's Stadium (Southampton- Hampshire)
Dec 30 2018 - 4:30pm,74556,Manchester United,AFC Bournemouth,Lee Mason,20,4,1,5,4,5,2,1,0,0,9,6,9,4,10,7,64,36,Old Trafford (Manchester)
Jan 01 2019 - 12:30pm,39052,Everton,Leicester City,Martin Atkinson,21,0,1,1,6,5,3,0,1,0,10,8,3,5,5,8,59,41,Goodison Park (Liverpool)
Jan 01 2019 - 3:00pm,59887,Arsenal,Fulham,Graham Scott,21,4,1,5,8,3,0,0,1,0,14,9,10,5,7,12,59,41,Emirates Stadium (London)
Jan 01 2019 - 5:30pm,32485,Cardiff City,Tottenham Hotspur,Kevin Friend,21,0,3,3,5,3,1,0,0,0,6,11,4,5,6,6,26,74,Cardiff City Stadium (Cardiff (Caerdydd))
Jan 02 2019 - 7:45pm,40668,Chelsea,Southampton,Jonathan Moss,21,0,0,0,7,2,1,0,2,0,9,6,7,3,8,11,71,29,Stamford Bridge (London)
Jan 02 2019 - 7:45pm,23715,Huddersfield Town,Burnley,Mike Dean,21,1,2,3,5,2,1,1,4,1,6,16,3,9,11,9,42,58,John Smith's Stadium (Huddersfield- West Yorkshire)
Jan 02 2019 - 7:45pm,59870,West Ham United,Brighton & Hove Albion,Chris Kavanagh,21,2,2,4,1,5,0,0,1,0,13,9,7,7,9,11,54,46,London Stadium (London)
Jan 02 2019 - 7:45pm,30666,Wolverhampton Wanderers,Crystal Palace,Roger East,21,0,2,2,3,10,4,0,1,0,7,11,2,5,9,7,51,49,Molineux Stadium (Wolverhampton- West Midlands)
Jan 02 2019 - 8:00pm,10261,AFC Bournemouth,Watford,David Coote,21,3,3,6,4,2,1,0,4,0,21,10,13,4,9,15,57,43,Vitality Stadium (Bournemouth- Dorset)
Jan 02 2019 - 8:00pm,52217,Newcastle United,Manchester United,Andre Marriner,21,0,2,2,1,2,1,0,2,0,12,14,4,8,10,9,34,66,St. James' Park (Newcastle upon Tyne)
Jan 03 2019 - 8:00pm,54511,Manchester City,Liverpool,Anthony Taylor,21,2,1,3,2,1,4,0,2,0,9,8,5,6,12,7,49,51,Etihad Stadium (Manchester)
Jan 12 2019 - 12:30pm,59946,West Ham United,Arsenal,Jonathan Moss,22,1,0,1,7,3,0,0,2,0,11,11,4,3,7,10,41,59,London Stadium (London)
Jan 12 2019 - 3:00pm,30862,Brighton & Hove Albion,Liverpool,Kevin Friend,22,0,1,1,2,7,0,0,0,0,6,9,0,4,15,5,29,71,The American Express Community Stadium (Falmer- East Sussex)
Jan 12 2019 - 3:00pm,19316,Burnley,Fulham,Martin Atkinson,22,2,1,3,2,6,1,0,2,0,7,9,2,5,5,9,41,59,Turf Moor (Burnley)
Jan 12 2019 - 3:00pm,30725,Cardiff City,Huddersfield Town,Lee Mason,22,0,0,0,3,10,3,0,1,0,0,7,0,3,12,14,38,62,Cardiff City Stadium (Cardiff (Caerdydd))
Jan 12 2019 - 3:00pm,25010,Crystal Palace,Watford,Paul Tierney,22,1,2,3,7,7,1,0,4,0,13,12,7,3,11,11,55,45,Selhurst Park (London)
Jan 12 2019 - 3:00pm,31491,Leicester City,Southampton,Michael Oliver,22,1,2,3,10,3,2,0,2,1,15,7,7,4,7,9,71,29,King Power Stadium (Leicester- Leicestershire)
Jan 12 2019 - 5:30pm,40491,Chelsea,Newcastle United,Chris Kavanagh,22,2,1,3,8,5,1,0,1,0,9,9,7,3,6,13,65,35,Stamford Bridge (London)
Jan 13 2019 - 2:15pm,38113,Everton,AFC Bournemouth,Anthony Taylor,22,2,0,2,5,9,5,0,0,0,12,15,4,8,17,8,50,50,Goodison Park (Liverpool)
Jan 13 2019 - 4:30pm,80062,Tottenham Hotspur,Manchester United,Mike Dean,22,0,1,1,7,4,1,0,2,0,18,12,12,9,8,8,61,39,Wembley Stadium (London)
Jan 14 2019 - 8:00pm,54171,Manchester City,Wolverhampton Wanderers,Craig Pawson,22,3,0,3,12,1,1,0,0,1,17,2,10,0,6,3,76,24,Etihad Stadium (Manchester)
Jan 19 2019 - 12:30pm,31278,Wolverhampton Wanderers,Leicester City,Chris Kavanagh,23,4,3,7,5,9,3,0,3,0,11,12,8,7,11,10,45,55,Molineux Stadium (Wolverhampton- West Midlands)
Jan 19 2019 - 3:00pm,10495,AFC Bournemouth,West Ham United,Simon Hooper,23,2,0,2,2,3,0,0,1,0,10,8,5,2,6,10,38,62,Vitality Stadium (Bournemouth- Dorset)
Jan 19 2019 - 3:00pm,53171,Liverpool,Crystal Palace,Jonathan Moss,23,4,3,7,8,3,1,1,1,0,17,7,10,4,6,8,70,30,Anfield (Liverpool)
Jan 19 2019 - 3:00pm,74532,Manchester United,Brighton & Hove Albion,Paul Tierney,23,2,1,3,6,5,1,0,0,0,15,7,6,4,11,11,56,44,Old Trafford (Manchester)
Jan 19 2019 - 3:00pm,49864,Newcastle United,Cardiff City,Stuart Attwell,23,3,0,3,7,10,0,0,1,0,12,7,7,2,11,6,53,47,St. James' Park (Newcastle upon Tyne)
Jan 19 2019 - 3:00pm,29989,Southampton,Everton,Graham Scott,23,2,1,3,7,6,2,0,1,0,9,4,5,3,12,11,39,61,St. Mary's Stadium (Southampton- Hampshire)
Jan 19 2019 - 3:00pm,19510,Watford,Burnley,Michael Oliver,23,0,0,0,1,7,1,0,2,0,8,11,5,4,14,9,54,46,Vicarage Road (Watford)
Jan 19 2019 - 5:30pm,59979,Arsenal,Chelsea,Anthony Taylor,23,2,0,2,5,6,0,0,2,0,13,11,6,2,13,15,35,65,Emirates Stadium (London)
Jan 20 2019 - 1:30pm,24190,Huddersfield Town,Manchester City,Andre Marriner,23,0,3,3,1,4,2,0,2,0,6,11,3,5,10,9,32,68,John Smith's Stadium (Huddersfield- West Yorkshire)
Jan 20 2019 - 4:00pm,24807,Fulham,Tottenham Hotspur,Craig Pawson,23,1,2,3,7,10,2,0,3,0,10,12,5,6,10,8,26,74,Craven Cottage (London)
Jan 29 2019 - 7:45pm,59933,Arsenal,Cardiff City,Mike Dean,24,2,1,3,4,7,3,0,3,0,10,12,5,3,14,12,70,30,Emirates Stadium (London)
Jan 29 2019 - 7:45pm,22008,Fulham,Brighton & Hove Albion,Lee Probert,24,4,2,6,10,1,2,0,3,0,18,11,9,7,10,5,61,39,Craven Cottage (London)
Jan 29 2019 - 7:45pm,23699,Huddersfield Town,Everton,Stuart Attwell,24,0,1,1,3,4,1,0,4,1,9,10,3,6,13,10,58,42,John Smith's Stadium (Huddersfield- West Yorkshire)
Jan 29 2019 - 7:45pm,31122,Wolverhampton Wanderers,West Ham United,David Coote,24,3,0,3,5,1,4,0,1,0,14,4,10,0,8,10,54,46,Molineux Stadium (Wolverhampton- West Midlands)
Jan 29 2019 - 8:00pm,74529,Manchester United,Burnley,Jonathan Moss,24,2,2,4,11,3,1,0,3,0,21,5,10,5,10,9,74,26,Old Trafford (Manchester)
Jan 29 2019 - 8:00pm,50861,Newcastle United,Manchester City,Paul Tierney,24,2,1,3,1,8,2,0,3,0,6,8,3,5,9,7,23,77,St. James' Park (Newcastle upon Tyne)
Jan 30 2019 - 7:45pm,10227,AFC Bournemouth,Chelsea,Roger East,24,4,0,4,3,7,1,0,0,0,10,10,8,8,8,6,32,68,Vitality Stadium (Bournemouth- Dorset)
Jan 30 2019 - 7:45pm,28339,Southampton,Crystal Palace,Andre Marriner,24,1,1,2,3,8,2,0,3,1,10,13,5,4,11,8,58,42,St. Mary's Stadium (Southampton- Hampshire)
Jan 30 2019 - 8:00pm,53092,Liverpool,Leicester City,Martin Atkinson,24,1,1,2,7,1,1,0,3,0,9,5,4,3,13,6,72,28,Anfield (Liverpool)
Jan 30 2019 - 8:00pm,29164,Tottenham Hotspur,Watford,Graham Scott,24,2,1,3,9,5,0,0,4,0,10,7,4,2,6,9,68,32,Wembley Stadium (London)
Feb 02 2019 - 12:30pm,41219,Tottenham Hotspur,Newcastle United,Andre Marriner,25,1,0,1,6,3,0,0,1,0,13,6,5,3,6,6,71,29,Wembley Stadium (London)
Feb 02 2019 - 3:00pm,30414,Brighton & Hove Albion,Watford,Simon Hooper,25,0,0,0,7,0,1,0,0,0,18,6,5,0,15,10,55,45,The American Express Community Stadium (Falmer- East Sussex)
Feb 02 2019 - 3:00pm,19787,Burnley,Southampton,Anthony Taylor,25,1,1,2,4,2,3,0,1,0,10,8,7,5,10,9,54,46,Turf Moor (Burnley)
Feb 02 2019 - 3:00pm,40626,Chelsea,Huddersfield Town,Paul Tierney,25,5,0,5,11,2,0,0,0,0,16,4,8,3,8,5,65,35,Stamford Bridge (London)
Feb 02 2019 - 3:00pm,25355,Crystal Palace,Fulham,Michael Oliver,25,2,0,2,11,1,2,0,3,0,12,8,7,0,9,12,37,63,Selhurst Park (London)
Feb 02 2019 - 3:00pm,39380,Everton,Wolverhampton Wanderers,Lee Mason,25,1,3,4,3,1,3,0,1,0,7,7,5,5,12,14,64,36,Goodison Park (Liverpool)
Feb 02 2019 - 5:30pm,31939,Cardiff City,AFC Bournemouth,Jonathan Moss,25,2,0,2,6,7,1,0,2,0,6,8,6,3,17,14,26,74,Cardiff City Stadium (Cardiff (Caerdydd))
Feb 03 2019 - 2:05pm,32148,Leicester City,Manchester United,Mike Dean,25,0,1,1,7,2,4,0,4,0,15,9,7,7,14,9,44,56,King Power Stadium (Leicester- Leicestershire)
Feb 03 2019 - 4:30pm,54483,Manchester City,Arsenal,Martin Atkinson,25,3,1,4,4,2,1,0,1,0,16,3,13,3,11,8,58,42,Etihad Stadium (Manchester)
Feb 04 2019 - 8:00pm,59903,West Ham United,Liverpool,Kevin Friend,25,1,1,2,2,5,1,0,1,0,10,10,3,7,9,11,26,74,London Stadium (London)
Feb 06 2019 - 7:45pm,39322,Everton,Manchester City,Craig Pawson,27,0,2,2,5,6,1,0,1,0,2,9,2,5,12,6,38,62,Goodison Park (Liverpool)
Feb 09 2019 - 12:30pm,25001,Fulham,Manchester United,Paul Tierney,26,0,3,3,5,4,3,0,2,0,11,12,4,8,14,9,51,49,Craven Cottage (London)
Feb 09 2019 - 3:00pm,25552,Crystal Palace,West Ham United,Craig Pawson,26,1,1,2,10,4,3,0,0,0,16,5,6,5,12,9,57,43,Selhurst Park (London)
Feb 09 2019 - 3:00pm,24182,Huddersfield Town,Arsenal,Jonathan Moss,26,1,2,3,5,0,3,0,2,0,14,9,8,5,17,12,54,46,John Smith's Stadium (Huddersfield- West Yorkshire)
Feb 09 2019 - 3:00pm,53178,Liverpool,AFC Bournemouth,Anthony Taylor,26,3,0,3,8,5,2,0,2,0,16,8,10,3,14,6,65,35,Anfield (Liverpool)
Feb 09 2019 - 3:00pm,31438,Southampton,Cardiff City,Martin Atkinson,26,1,2,3,8,2,3,0,3,0,13,7,8,4,15,12,66,34,St. Mary's Stadium (Southampton- Hampshire)
Feb 09 2019 - 3:00pm,20333,Watford,Everton,Lee Probert,26,1,0,1,8,2,2,0,1,1,6,9,3,5,21,10,44,56,Vicarage Road (Watford)
Feb 09 2019 - 5:30pm,29323,Brighton & Hove Albion,Burnley,Stuart Attwell,26,1,3,4,9,3,1,0,1,0,11,8,7,6,8,7,68,32,The American Express Community Stadium (Falmer- East Sussex)
Feb 10 2019 - 1:30pm,44154,Tottenham Hotspur,Leicester City,Michael Oliver,26,3,1,4,2,9,3,0,1,0,8,19,6,10,11,4,53,47,Wembley Stadium (London)
Feb 10 2019 - 4:00pm,54452,Manchester City,Chelsea,Mike Dean,26,6,0,6,2,2,1,0,2,0,15,8,10,5,9,13,55,45,Etihad Stadium (Manchester)
Feb 11 2019 - 8:00pm,30687,Wolverhampton Wanderers,Newcastle United,Graham Scott,26,1,1,2,13,1,1,0,3,0,15,6,7,4,7,9,59,41,Molineux Stadium (Wolverhampton- West Midlands)
Feb 22 2019 - 7:45pm,30387,Cardiff City,Watford,Simon Hooper,27,1,5,6,3,3,1,0,2,0,12,12,7,8,10,11,35,65,Cardiff City Stadium (Cardiff (Caerdydd))
Feb 22 2019 - 7:45pm,59950,West Ham United,Fulham,Lee Mason,27,3,1,4,12,0,1,0,1,0,17,8,8,6,11,11,55,45,London Stadium (London)
Feb 23 2019 - 12:30pm,21338,Burnley,Tottenham Hotspur,Mike Dean,27,2,1,3,7,6,1,0,3,0,8,12,5,7,9,12,30,70,Turf Moor (Burnley)
Feb 23 2019 - 3:00pm,10671,AFC Bournemouth,Wolverhampton Wanderers,Roger East,27,1,1,2,9,8,4,0,5,0,9,8,4,3,10,15,44,56,Vitality Stadium (Bournemouth- Dorset)
Feb 23 2019 - 3:00pm,52174,Newcastle United,Huddersfield Town,Kevin Friend,27,2,0,2,12,0,2,0,0,1,24,2,13,0,11,7,54,46,St. James' Park (Newcastle upon Tyne)
Feb 23 2019 - 5:30pm,31778,Leicester City,Crystal Palace,Anthony Taylor,27,1,4,5,8,3,2,0,1,0,16,8,6,6,7,14,65,35,King Power Stadium (Leicester- Leicestershire)
Feb 24 2019 - 2:05pm,59877,Arsenal,Southampton,Graham Scott,27,2,0,2,6,4,0,0,0,0,9,8,5,5,7,14,62,38,Emirates Stadium (London)
Feb 24 2019 - 2:05pm,74519,Manchester United,Liverpool,Michael Oliver,27,0,0,0,3,7,1,0,3,0,5,6,4,2,15,17,35,65,Old Trafford (Manchester)
Feb 26 2019 - 7:45pm,31849,Cardiff City,Everton,Kevin Friend,28,0,3,3,3,4,3,0,1,0,6,10,0,5,12,12,32,68,Cardiff City Stadium (Cardiff (Caerdydd))
Feb 26 2019 - 7:45pm,22714,Huddersfield Town,Wolverhampton Wanderers,David Coote,28,1,0,1,3,5,2,0,2,0,13,6,4,0,10,10,49,51,John Smith's Stadium (Huddersfield- West Yorkshire)
Feb 26 2019 - 7:45pm,30558,Leicester City,Brighton & Hove Albion,Lee Probert,28,2,1,3,4,8,1,0,1,0,13,13,4,4,6,4,49,51,King Power Stadium (Leicester- Leicestershire)
Feb 26 2019 - 8:00pm,48323,Newcastle United,Burnley,Craig Pawson,28,2,0,2,4,7,1,0,3,0,13,9,4,3,8,8,54,46,St. James' Park (Newcastle upon Tyne)
Feb 27 2019 - 7:45pm,59618,Arsenal,AFC Bournemouth,Chris Kavanagh,28,5,1,6,9,4,2,0,2,0,12,9,8,6,11,9,64,36,Emirates Stadium (London)
Feb 27 2019 - 7:45pm,27597,Southampton,Fulham,Anthony Taylor,28,2,0,2,7,4,0,0,1,0,12,9,5,5,15,13,40,60,St. Mary's Stadium (Southampton- Hampshire)
Feb 27 2019 - 8:00pm,25754,Crystal Palace,Manchester United,Martin Atkinson,28,1,3,4,5,6,2,0,3,0,14,10,3,5,8,9,45,55,Selhurst Park (London)
Feb 27 2019 - 8:00pm,40542,Chelsea,Tottenham Hotspur,Andre Marriner,28,2,0,2,2,2,1,0,1,0,10,6,2,0,7,14,46,54,Stamford Bridge (London)
Feb 27 2019 - 8:00pm,53316,Liverpool,Watford,Graham Scott,28,5,0,5,6,4,0,0,2,0,15,5,11,4,5,7,61,39,Anfield (Liverpool)
Feb 27 2019 - 8:00pm,53528,Manchester City,West Ham United,Stuart Attwell,28,1,0,1,13,2,0,0,2,0,18,3,8,2,2,6,75,25,Etihad Stadium (Manchester)
Mar 02 2019 - 12:30pm,81332,Tottenham Hotspur,Arsenal,Anthony Taylor,29,1,1,2,3,4,3,0,2,1,11,7,4,5,15,14,60,40,Wembley Stadium (London)
Mar 02 2019 - 3:00pm,10699,AFC Bournemouth,Manchester City,Kevin Friend,29,0,1,1,0,14,1,0,2,0,0,18,0,8,7,7,18,82,Vitality Stadium (Bournemouth- Dorset)
Mar 02 2019 - 3:00pm,30182,Brighton & Hove Albion,Huddersfield Town,Mike Dean,29,1,0,1,6,3,2,0,2,0,11,5,5,5,11,6,52,48,The American Express Community Stadium (Falmer- East Sussex)
Mar 02 2019 - 3:00pm,19223,Burnley,Crystal Palace,Lee Probert,29,1,3,4,8,5,1,0,2,0,15,9,5,5,9,9,56,44,Turf Moor (Burnley)
Mar 02 2019 - 3:00pm,74459,Manchester United,Southampton,Stuart Attwell,29,3,2,5,9,7,2,0,1,0,16,8,7,4,7,10,64,36,Old Trafford (Manchester)
Mar 02 2019 - 3:00pm,31309,Wolverhampton Wanderers,Cardiff City,Andre Marriner,29,2,0,2,7,8,1,0,2,0,12,9,7,5,11,6,56,44,Molineux Stadium (Wolverhampton- West Midlands)
Mar 02 2019 - 5:30pm,59910,West Ham United,Newcastle United,Chris Kavanagh,29,2,0,2,1,6,3,0,4,0,8,9,5,3,8,14,55,45,London Stadium (London)
Mar 03 2019 - 12:00pm,20062,Watford,Leicester City,Jonathan Moss,29,2,1,3,1,5,5,0,1,0,6,9,6,3,15,12,39,61,Vicarage Road (Watford)
Mar 03 2019 - 2:05pm,24900,Fulham,Chelsea,Graham Scott,29,1,2,3,5,4,2,0,1,0,10,13,6,8,11,10,36,64,Craven Cottage (London)
Mar 03 2019 - 4:15pm,39335,Everton,Liverpool,Martin Atkinson,29,0,0,0,3,7,1,0,2,0,7,7,4,4,12,10,42,58,Goodison Park (Liverpool)
Mar 09 2019 - 12:30pm,24972,Crystal Palace,Brighton & Hove Albion,Craig Pawson,30,1,2,3,8,0,1,0,5,0,9,5,4,4,8,18,62,38,Selhurst Park (London)
Mar 09 2019 - 3:00pm,32458,Cardiff City,West Ham United,Graham Scott,30,2,0,2,7,5,2,0,1,0,14,8,8,3,7,12,29,71,Cardiff City Stadium (Cardiff (Caerdydd))
Mar 09 2019 - 3:00pm,22304,Huddersfield Town,AFC Bournemouth,Anthony Taylor,30,0,2,2,6,5,3,0,1,0,5,9,2,6,14,9,56,44,John Smith's Stadium (Huddersfield- West Yorkshire)
Mar 09 2019 - 3:00pm,32017,Leicester City,Fulham,David Coote,30,3,1,4,6,5,0,0,2,0,17,5,9,4,9,13,52,48,King Power Stadium (Leicester- Leicestershire)
Mar 09 2019 - 3:00pm,52242,Newcastle United,Everton,Lee Mason,30,3,2,5,8,2,3,0,1,0,15,6,8,4,13,10,45,55,St. James' Park (Newcastle upon Tyne)
Mar 09 2019 - 3:00pm,31890,Southampton,Tottenham Hotspur,Kevin Friend,30,2,1,3,1,10,4,0,2,0,9,15,5,6,16,9,36,64,St. Mary's Stadium (Southampton- Hampshire)
Mar 09 2019 - 5:30pm,54104,Manchester City,Watford,Paul Tierney,30,3,1,4,9,1,1,0,1,0,17,2,10,2,11,7,71,29,Etihad Stadium (Manchester)
Mar 10 2019 - 12:00pm,53310,Liverpool,Burnley,Andre Marriner,30,4,2,6,7,3,2,0,0,0,14,3,6,3,4,7,68,32,Anfield (Liverpool)
Mar 10 2019 - 2:05pm,40692,Chelsea,Wolverhampton Wanderers,Michael Oliver,30,1,1,2,13,0,1,0,4,0,9,3,7,2,8,14,75,25,Stamford Bridge (London)
Mar 10 2019 - 4:30pm,60000,Arsenal,Manchester United,Jonathan Moss,30,2,0,2,5,2,2,0,2,0,11,12,4,5,12,18,46,54,Emirates Stadium (London)
Mar 16 2019 - 3:00pm,10625,AFC Bournemouth,Newcastle United,Mike Dean,31,2,2,4,6,6,3,0,2,0,11,9,4,5,9,12,48,52,Vitality Stadium (Bournemouth- Dorset)
Mar 16 2019 - 3:00pm,20719,Burnley,Leicester City,Michael Oliver,31,1,2,3,9,3,1,0,1,1,10,5,3,5,9,10,62,38,Turf Moor (Burnley)
Mar 16 2019 - 3:00pm,59931,West Ham United,Huddersfield Town,Jonathan Moss,31,4,3,7,5,8,0,0,2,0,11,12,6,6,7,15,64,36,London Stadium (London)
Mar 17 2019 - 2:15pm,25043,Fulham,Liverpool,Craig Pawson,31,1,2,3,1,10,2,0,1,0,5,14,3,7,11,7,37,63,Craven Cottage (London)
Mar 17 2019 - 4:30pm,39356,Everton,Chelsea,Anthony Taylor,31,2,0,2,3,4,1,0,2,0,13,11,9,6,17,9,32,68,Goodison Park (Liverpool)
Mar 30 2019 - 12:30pm,25001,Fulham,Manchester City,Kevin Friend,32,0,2,2,0,11,2,0,0,0,4,16,0,8,4,12,34,66,Craven Cottage (London)
Mar 30 2019 - 3:00pm,30636,Brighton & Hove Albion,Southampton,Michael Oliver,32,0,1,1,6,5,1,0,2,0,11,7,2,3,8,10,60,40,The American Express Community Stadium (Falmer- East Sussex)
Mar 30 2019 - 3:00pm,20990,Burnley,Wolverhampton Wanderers,Chris Kavanagh,32,2,0,2,1,5,1,0,1,0,5,5,2,2,12,10,37,63,Turf Moor (Burnley)
Mar 30 2019 - 3:00pm,25193,Crystal Palace,Huddersfield Town,Lee Probert,32,2,0,2,5,5,0,0,0,0,12,13,6,6,10,7,48,52,Selhurst Park (London)
Mar 30 2019 - 3:00pm,31530,Leicester City,AFC Bournemouth,Lee Mason,32,2,0,2,6,1,0,0,2,0,14,7,5,3,6,12,58,42,King Power Stadium (Leicester- Leicestershire)
Mar 30 2019 - 3:00pm,74543,Manchester United,Watford,Stuart Attwell,32,2,1,3,3,5,1,0,2,0,7,15,6,9,14,9,51,49,Old Trafford (Manchester)
Mar 30 2019 - 5:30pm,59988,West Ham United,Everton,Paul Tierney,32,0,2,2,4,9,1,0,1,0,4,14,2,10,7,14,49,51,London Stadium (London)
Mar 31 2019 - 1:05pm,32657,Cardiff City,Chelsea,Craig Pawson,32,1,2,3,2,7,2,0,3,0,8,13,4,4,8,14,28,72,Cardiff City Stadium (Cardiff (Caerdydd))
Mar 31 2019 - 3:30pm,53322,Liverpool,Tottenham Hotspur,Martin Atkinson,32,2,1,3,10,3,0,0,1,0,12,10,4,3,5,8,48,52,Anfield (Liverpool)
Apr 01 2019 - 7:00pm,59869,Arsenal,Newcastle United,Anthony Taylor,32,2,0,2,6,2,2,0,0,0,6,4,5,2,11,10,70,30,Emirates Stadium (London)
Apr 02 2019 - 6:45pm,17301,Watford,Fulham,Roger East,33,4,1,5,6,4,3,0,2,0,9,11,8,8,12,5,46,54,Vicarage Road (Watford)
Apr 02 2019 - 6:45pm,31302,Wolverhampton Wanderers,Manchester United,Mike Dean,33,2,1,3,3,5,1,0,3,1,8,12,3,5,5,11,49,51,Molineux Stadium (Wolverhampton- West Midlands)
Apr 03 2019 - 6:45pm,38593,Chelsea,Brighton & Hove Albion,Graham Scott,27,3,0,3,7,1,0,0,0,0,13,4,5,2,5,9,68,32,Stamford Bridge (London)
Apr 03 2019 - 6:45pm,59215,Tottenham Hotspur,Crystal Palace,Andre Marriner,31,2,0,2,8,2,1,0,0,0,20,6,11,2,8,5,65,35,Tottenham Hotspur Stadium (London)
Apr 03 2019 - 6:45pm,53559,Manchester City,Cardiff City,Jonathan Moss,33,2,0,2,17,4,0,0,3,0,26,4,12,2,3,7,78,22,Etihad Stadium (Manchester)
Apr 05 2019 - 7:00pm,31797,Southampton,Liverpool,Paul Tierney,33,1,3,4,7,5,2,0,4,0,8,13,2,6,8,7,33,67,St. Mary's Stadium (Southampton- Hampshire)
Apr 06 2019 - 2:00pm,10446,AFC Bournemouth,Burnley,Martin Atkinson,33,1,3,4,3,6,2,0,3,0,8,8,3,4,12,16,59,41,Vitality Stadium (Bournemouth- Dorset)
Apr 06 2019 - 2:00pm,24126,Huddersfield Town,Leicester City,David Coote,33,1,4,5,8,5,3,0,0,0,8,17,5,10,13,11,44,56,John Smith's Stadium (Huddersfield- West Yorkshire)
Apr 06 2019 - 2:00pm,51926,Newcastle United,Crystal Palace,Stuart Attwell,33,0,1,1,9,4,1,0,2,0,15,4,6,2,12,13,53,47,St. James' Park (Newcastle upon Tyne)
Apr 07 2019 - 1:05pm,39400,Everton,Arsenal,Kevin Friend,33,1,0,1,9,6,1,0,4,0,16,6,7,3,8,9,42,58,Goodison Park (Liverpool)
Apr 08 2019 - 7:00pm,40537,Chelsea,West Ham United,Chris Kavanagh,33,2,0,2,7,4,2,0,1,0,14,6,8,3,8,7,54,46,Stamford Bridge (London)
Apr 12 2019 - 7:00pm,32108,Leicester City,Newcastle United,Chris Kavanagh,34,0,1,1,2,3,2,0,3,0,12,11,6,6,6,10,71,29,King Power Stadium (Leicester- Leicestershire)
Apr 13 2019 - 11:30am,58308,Tottenham Hotspur,Huddersfield Town,Lee Mason,34,4,0,4,4,2,2,0,2,0,14,7,6,2,10,12,70,30,Tottenham Hotspur Stadium (London)
Apr 13 2019 - 2:00pm,30460,Brighton & Hove Albion,AFC Bournemouth,Kevin Friend,34,0,5,5,4,1,2,1,4,0,5,12,2,8,10,6,50,50,The American Express Community Stadium (Falmer- East Sussex)
Apr 13 2019 - 2:00pm,21480,Burnley,Cardiff City,Mike Dean,34,2,0,2,8,4,2,0,4,0,14,10,8,3,7,10,46,54,Turf Moor (Burnley)
Apr 13 2019 - 2:00pm,24971,Fulham,Everton,Lee Probert,34,2,0,2,7,3,2,0,1,0,13,8,6,2,8,10,40,60,Craven Cottage (London)
Apr 13 2019 - 2:00pm,31708,Southampton,Wolverhampton Wanderers,Jonathan Moss,34,3,1,4,4,9,1,0,3,0,11,11,7,3,13,8,30,70,St. Mary's Stadium (Southampton- Hampshire)
Apr 13 2019 - 4:30pm,74478,Manchester United,West Ham United,Graham Scott,34,2,1,3,3,11,1,0,1,0,10,11,5,5,14,5,42,58,Old Trafford (Manchester)
Apr 14 2019 - 1:05pm,25721,Crystal Palace,Manchester City,Martin Atkinson,34,1,3,4,2,9,0,0,0,0,6,14,4,7,5,11,27,73,Selhurst Park (London)
Apr 14 2019 - 3:30pm,53279,Liverpool,Chelsea,Michael Oliver,34,2,0,2,9,2,0,0,1,0,11,6,8,4,5,9,61,39,Anfield (Liverpool)
Apr 15 2019 - 7:00pm,20480,Watford,Arsenal,Craig Pawson,34,0,1,1,6,4,2,1,0,0,7,12,4,6,12,8,34,66,Vicarage Road (Watford)
Apr 16 2019 - 6:45pm,30226,Brighton & Hove Albion,Cardiff City,Andre Marriner,31,0,2,2,5,4,0,0,1,0,11,7,3,4,11,13,63,37,The American Express Community Stadium (Falmer- East Sussex)
Apr 20 2019 - 11:30am,54489,Manchester City,Tottenham Hotspur,Michael Oliver,35,1,0,1,4,4,1,0,2,0,11,8,5,5,11,11,60,40,Etihad Stadium (Manchester)
Apr 20 2019 - 2:00pm,10511,AFC Bournemouth,Fulham,David Coote,35,0,1,1,3,7,1,0,3,0,12,12,6,6,11,18,49,51,Vitality Stadium (Bournemouth- Dorset)
Apr 20 2019 - 2:00pm,23957,Huddersfield Town,Watford,Roger East,35,1,2,3,2,2,2,0,2,0,9,11,4,7,15,9,45,55,John Smith's Stadium (Huddersfield- West Yorkshire)
Apr 20 2019 - 2:00pm,59960,West Ham United,Leicester City,Lee Probert,35,2,2,4,6,8,2,0,0,0,9,11,4,6,8,9,49,51,London Stadium (London)
Apr 20 2019 - 2:00pm,31096,Wolverhampton Wanderers,Brighton & Hove Albion,Craig Pawson,35,0,0,0,14,1,0,0,1,0,20,5,6,0,0,8,68,32,Molineux Stadium (Wolverhampton- West Midlands)
Apr 20 2019 - 4:30pm,52191,Newcastle United,Southampton,Anthony Taylor,35,3,1,4,4,11,0,0,2,0,11,11,7,4,5,11,43,57,St. James' Park (Newcastle upon Tyne)
Apr 21 2019 - 12:30pm,39395,Everton,Manchester United,Paul Tierney,35,4,0,4,10,2,1,0,1,0,12,7,9,2,11,7,48,52,Goodison Park (Liverpool)
Apr 21 2019 - 3:00pm,59929,Arsenal,Crystal Palace,Jonathan Moss,35,2,3,5,8,3,4,0,1,0,11,13,6,8,15,12,72,28,Emirates Stadium (London)
Apr 21 2019 - 3:00pm,33082,Cardiff City,Liverpool,Martin Atkinson,35,0,2,2,5,10,1,0,1,0,5,15,3,7,6,5,23,77,Cardiff City Stadium (Cardiff (Caerdydd))
Apr 22 2019 - 7:00pm,40642,Chelsea,Burnley,Kevin Friend,35,2,2,4,10,1,2,0,1,0,18,6,10,4,9,4,76,24,Stamford Bridge (London)
Apr 23 2019 - 6:45pm,19170,Watford,Southampton,Mike Dean,31,1,1,2,3,4,5,0,2,0,8,8,5,5,10,14,62,38,Vicarage Road (Watford)
Apr 23 2019 - 6:45pm,56251,Tottenham Hotspur,Brighton & Hove Albion,Chris Kavanagh,33,1,0,1,6,3,1,0,2,0,18,6,6,2,7,13,78,22,Tottenham Hotspur Stadium (London)
Apr 24 2019 - 6:45pm,31436,Wolverhampton Wanderers,Arsenal,Stuart Attwell,31,3,1,4,5,5,2,0,3,0,9,6,4,2,12,9,29,71,Molineux Stadium (Wolverhampton- West Midlands)
Apr 24 2019 - 7:00pm,74431,Manchester United,Manchester City,Andre Marriner,31,0,2,2,1,1,2,0,2,0,8,9,2,6,10,10,36,64,Old Trafford (Manchester)
Apr 26 2019 - 7:00pm,53249,Liverpool,Huddersfield Town,Kevin Friend,36,5,0,5,4,4,0,0,0,0,20,4,8,2,5,14,70,30,Anfield (Liverpool)
Apr 27 2019 - 11:30am,60043,Tottenham Hotspur,West Ham United,Anthony Taylor,36,0,1,1,2,7,0,0,2,0,9,13,5,8,3,8,63,37,Tottenham Hotspur Stadium (London)
Apr 27 2019 - 2:00pm,25789,Crystal Palace,Everton,Lee Mason,36,0,0,0,5,10,2,0,0,0,6,12,0,4,9,15,36,64,Selhurst Park (London)
Apr 27 2019 - 2:00pm,23822,Fulham,Cardiff City,Chris Kavanagh,36,1,0,1,10,3,0,0,0,0,8,11,3,9,10,8,73,27,Craven Cottage (London)
Apr 27 2019 - 2:00pm,31310,Southampton,AFC Bournemouth,Graham Scott,36,3,3,6,9,3,2,0,1,0,17,10,8,6,8,9,44,56,St. Mary's Stadium (Southampton- Hampshire)
Apr 27 2019 - 2:00pm,20323,Watford,Wolverhampton Wanderers,Simon Hooper,36,1,2,3,4,5,3,0,2,0,7,8,2,5,10,11,56,44,Vicarage Road (Watford)
Apr 27 2019 - 4:30pm,30587,Brighton & Hove Albion,Newcastle United,Mike Dean,36,1,1,2,7,4,2,0,3,0,8,5,3,2,7,10,49,51,The American Express Community Stadium (Falmer- East Sussex)
Apr 28 2019 - 11:00am,32037,Leicester City,Arsenal,Michael Oliver,36,3,0,3,8,6,3,0,2,1,19,5,13,2,13,13,67,33,King Power Stadium (Leicester- Leicestershire)
Apr 28 2019 - 1:05pm,21605,Burnley,Manchester City,Paul Tierney,36,0,1,1,0,6,1,0,1,0,3,12,0,8,5,7,30,70,Turf Moor (Burnley)
Apr 28 2019 - 3:30pm,74526,Manchester United,Chelsea,Martin Atkinson,36,1,1,2,6,6,3,0,2,0,8,11,6,4,9,14,51,49,Old Trafford (Manchester)
May 03 2019 - 7:00pm,39303,Everton,Burnley,Chris Kavanagh,37,2,0,2,8,1,0,0,2,0,16,6,7,2,8,9,60,40,Goodison Park (Liverpool)
May 04 2019 - 11:30am,10630,AFC Bournemouth,Tottenham Hotspur,Craig Pawson,37,1,0,1,10,6,1,0,5,2,14,9,7,6,11,12,53,47,Vitality Stadium (Bournemouth- Dorset)
May 04 2019 - 2:00pm,59961,West Ham United,Southampton,Stuart Attwell,37,3,0,3,2,7,1,0,1,0,13,5,7,2,2,11,56,44,London Stadium (London)
May 04 2019 - 2:00pm,30456,Wolverhampton Wanderers,Fulham,Jonathan Moss,37,1,0,1,7,1,1,0,3,0,16,6,7,3,10,15,39,61,Molineux Stadium (Wolverhampton- West Midlands)
May 04 2019 - 4:30pm,32133,Cardiff City,Crystal Palace,Michael Oliver,37,2,3,5,10,5,0,0,0,0,15,15,9,8,14,11,39,61,Cardiff City Stadium (Cardiff (Caerdydd))
May 04 2019 - 6:45pm,52206,Newcastle United,Liverpool,Andre Marriner,37,2,3,5,2,3,1,0,1,0,11,11,8,5,10,4,30,70,St. James' Park (Newcastle upon Tyne)
May 05 2019 - 1:00pm,40650,Chelsea,Watford,Paul Tierney,37,3,0,3,6,6,0,0,1,0,16,14,10,4,6,12,58,42,Stamford Bridge (London)
May 05 2019 - 1:00pm,24263,Huddersfield Town,Manchester United,Lee Mason,37,1,1,2,3,7,1,0,1,0,6,17,4,8,10,10,35,65,John Smith's Stadium (Huddersfield- West Yorkshire)
May 05 2019 - 3:30pm,59965,Arsenal,Brighton & Hove Albion,Anthony Taylor,37,1,1,2,16,3,5,0,2,0,14,10,9,6,9,14,70,30,Emirates Stadium (London)
May 06 2019 - 7:00pm,54506,Manchester City,Leicester City,Mike Dean,37,1,0,1,11,0,3,0,2,0,16,5,6,3,12,5,61,39,Etihad Stadium (Manchester)
May 12 2019 - 2:00pm,30662,Brighton & Hove Albion,Manchester City,Michael Oliver,38,1,4,5,2,6,0,0,0,0,6,13,3,10,12,8,23,77,The American Express Community Stadium (Falmer- East Sussex)
May 12 2019 - 2:00pm,21461,Burnley,Arsenal,Mike Dean,38,1,3,4,4,5,5,0,1,0,12,11,6,7,11,3,39,61,Turf Moor (Burnley)
May 12 2019 - 2:00pm,25433,Crystal Palace,AFC Bournemouth,Roger East,38,5,3,8,4,4,3,0,0,0,16,15,9,9,11,8,45,55,Selhurst Park (London)
May 12 2019 - 2:00pm,24979,Fulham,Newcastle United,Kevin Friend,38,0,4,4,5,5,1,0,0,0,11,13,3,7,6,8,68,32,Craven Cottage (London)
May 12 2019 - 2:00pm,32140,Leicester City,Chelsea,Anthony Taylor,38,0,0,0,4,5,0,0,1,0,8,12,4,5,9,8,46,54,King Power Stadium (Leicester- Leicestershire)
May 12 2019 - 2:00pm,53331,Liverpool,Wolverhampton Wanderers,Martin Atkinson,38,2,0,2,4,1,0,0,2,0,11,7,6,3,3,11,59,41,Anfield (Liverpool)
May 12 2019 - 2:00pm,74457,Manchester United,Cardiff City,Jonathan Moss,38,0,2,2,11,2,3,0,3,0,21,11,11,5,9,6,73,27,Old Trafford (Manchester)
May 12 2019 - 2:00pm,30367,Southampton,Huddersfield Town,Lee Probert,38,1,1,2,4,3,0,0,1,0,7,8,4,4,8,6,53,47,St. Mary's Stadium (Southampton- Hampshire)
May 12 2019 - 2:00pm,60124,Tottenham Hotspur,Everton,Andre Marriner,38,2,2,4,7,4,0,0,2,0,9,13,4,10,10,13,55,45,Tottenham Hotspur Stadium (London)
May 12 2019 - 2:00pm,20067,Watford,West Ham United,Chris Kavanagh,38,1,4,5,7,2,1,1,0,0,11,15,9,10,10,10,48,52,Vicarage Road (Watford)
